Accuracy,Precision,Recall,F1-Score,Roc_Auc
0.8611111111111112,0.8493723849372385,0.9463869463869464,0.8952590959206176,0.832017002605238
0.5380116959064327,0.7054545454545454,0.4522144522144522,0.5511363636363635,0.5672836966954614
0.7865497076023392,0.7568058076225045,0.972027972027972,0.8510204081632653,0.7232688879747704
0.7982456140350878,0.7699443413729128,0.9673659673659674,0.8574380165289256,0.7405457287810228
0.37280701754385964,0.0,0.0,0.0,0.5
